isbn_13,title,author,price,publisher,year
9783834882509,Mathematik Neu Denken,"Albrecht Beutelspacher, Rainer Danckwerts, Gregor Nickel, Susanne Spies, Gabriele Wickel",0,Springer-Verlag,2011
9783642201431,"Robotics, Vision and Control",Peter Corke,0,Springer Science & Business Media,2011
9781351899987,Simulation Modelling for Business,Andrew Greasley,0,Routledge,2017
9783826695193,Datenbanken – Konzepte und Sprachen,Saake / Sattler / Heuer,0,MITP-Verlags GmbH & Co. KG,2013
9780131873216,Speech and Language Processing,"Dan Jurafsky, James H. Martin",0,Prentice Hall,2009
9780596555719,Natural Language Processing with Python,"Steven Bird, Ewan Klein, Edward Loper",0,"""O'Reilly Media, Inc.""",2009
9783868941371,Computernetzwerke,"Andrew S. Tanenbaum, David J. Wetherall",0,Unknown,2012
9783827370570,Verteilte Systeme,"Andrew S. Tanenbaum, Maarten van Steen",0,Unknown,2003
9783642583230,Multimedia-Technologie,Ralf Steinmetz,0,Springer-Verlag,2013
9781846287701,Principles of the Spin Model Checker,Mordechai Ben-Ari,0,Springer Science & Business Media,2008
9780321773715,The Spin Model Checker,Gerard Holzmann,0,Addison-Wesley Professional,2011
9783540689775,Verification of Object-Oriented Software. The KeY Approach,"Bernhard Beckert, Reiner Hähnle, Peter H. Schmitt",0,Springer Science & Business Media,2007
9780128009116,Digital Design and Computer Architecture,"Sarah Harris, David Harris",0,Morgan Kaufmann,2015
9783827411617,Lehrbuch der Softwaretechnik: Softwaremanagement,Helmut Balzert,0,Spektrum Akademischer Verlag,2008
9783662099292,Software-Entwurf mit UML,"Jochen Seemann, Jürgen Wolff von Gudenberg",0,Springer-Verlag,2013
9783827420565,Software-Qualität,Peter Liggesmeyer,0,Springer Science & Business Media,2009
9780321605801,Writing Effective Use Cases,Alistair Cockburn,0,Addison-Wesley Professional,2000
9780136083252,Clean Code,Robert C. Martin,0,Pearson Education,2008
9783658147396,Stochastik für Einsteiger,Norbert Henze,0,Springer-Verlag,2016
9783834808141,Sicherheit und Kryptographie im Internet,Jörg Schwenk,0,Springer-Verlag,2010
9783540673323,Multimedia-Technologie,Ralf Steinmetz,0,Springer,2000
9780130355485,Security in Computing,"Charles P. Pfleeger, Shari Lawrence Pfleeger",0,Prentice Hall Professional,2003
9780321356703,Software Security,Gary McGraw,0,Addison-Wesley Professional,2006
9783642397752,Einführung in die Kryptographie,Johannes Buchmann,0,Springer-Verlag,2016
9780201440997,Computer Security,Matt Bishop,0,Addison-Wesley Professional,2003
9781387689903,Lecture Notes on Security of Computer Systems,Frank Appiah,0,Lulu.com,0
9780132704397,A Practical Guide to Trusted Computing,"David Challener, Kent Yoder, Ryan Catherman, David Safford, Leendert Van Doorn",0,Pearson Education,2007
9783540689799,Trusted Computing - Challenges and Applications,"Peter Lipp, Ahmad-Reza Sadeghi, Klaus-Michael Koch",0,Springer,2008
9783642792359,Structural Complexity I,"Jose L. Balcazar, Josep Diaz, Joaquim Gabarró",0,Springer Science & Business Media,2012
9781466570269,"Introduction to Modern Cryptography, Second Edition","Jonathan Katz, Yehuda Lindell",0,CRC Press,2014
9783540709367,Theory of Cryptography,Salil P. Vadhan,0,Springer,2007
9780521424264,Computational Complexity,"Sanjeev Arora, Boaz Barak",0,Cambridge University Press,2009
9783658195236,Sicherheitskritische Mensch-Computer-Interaktion,Christian Reuter,0,Springer-Verlag,2018
9780130661029,Computer Networks,Andrew S. Tanenbaum,0,Prentice Hall,2003
9783898644914,Computernetze,"Larry L. Peterson, Bruce S. Davie",0,Unknown,2008
9780071229043,Communication Networks,Jean Walrand,0,Unknown,2002
9783898643665,Mobile Computing,Jörg Roth,0,Unknown,2005
9783642556265,Mobile und drahtlose Informationssysteme,Franz Lehner,0,Springer-Verlag,2013
9781848003460,Intelligent Environments,"Dorothy Monekosso, Yoshinori Kuno, Paolo Remagnino",0,Springer Science & Business Media,2008
9780646458410,A Software Architecture Primer,"John Reekie, Rohan McAdam, R. J. McAdam",0,Software Architecture Primer,2006
9780124105072,Economics-Driven Software Architecture,"Ivan Mistrik, Rami Bahsoon, Rick Kazman, Yuanyuan Zhang",0,Elsevier,2014
9780321700698,Design Patterns,"Erich Gamma, Richard Helm, Ralph Johnson, John Vlissides",0,Pearson Education,1994
9781292038360,"Agile Software Development, Principles, Patterns, and Practices: Pearson New International Edition",Robert C. Martin,0,Pearson Higher Ed,2013
9780201633856,Object-oriented Design Heuristics,Arthur J. Riel,0,Addison-Wesley Professional,1996
9780080916613,Engineering a Compiler,"Keith Cooper, Linda Torczon",0,Elsevier,2011
9781558603202,Advanced Compiler Design Implementation,Steven S. Muchnick,0,Morgan Kaufmann,1997
9781292024349,Compilers,"Alfred V. Aho, Monica S. Lam, Ravi Sethi, Jeffrey D. Ullman",0,Unknown,2013
9783642721908,Morphologische Bildverarbeitung,Pierre Soille,0,Springer-Verlag,2013
9783642046049,Digitale Bildverarbeitung,"Wilhelm Burger, Mark James Burge",0,Springer-Verlag,2009
9780387310732,Pattern Recognition and Machine Learning,Christopher M. Bishop,0,Springer Verlag,2006
9780521518147,Bayesian Reasoning and Machine Learning,David Barber,0,Cambridge University Press,2012
9780387952840,The Elements of Statistical Learning,"Trevor Hastie, Robert Tibshirani, Jerome H. Friedman",0,Springer Science & Business Media,2001
9780521642989,"Information Theory, Inference and Learning Algorithms",David J. C. MacKay,0,Cambridge University Press,2003
9780071154673,Machine Learning,Tom M. Mitchell,0,Unknown,1997
9781107011793,Computer Vision,Simon J. D. Prince,0,Cambridge University Press,2012
9781848829350,Computer Vision,Richard Szeliski,0,Springer Science & Business Media,2010
9780124159792,Visual Computing for Medicine,"Bernhard Preim, Charl P Botha",0,Newnes,2013
9781568815770,The Magic of Computer Graphics,Noriko Kurachi,0,CRC Press,2011
9781482243826,Digital Representations of the Real World,"Marcus A. Magnor, Oliver Grau, Olga Sorkine-Hornung, Christian Theobalt",0,CRC Press,2015
9783800648108,The Design of Everyday Things,Norman Don,0,Vahlen,2016
9780130461094,Human-computer Interaction,Alan Dix,0,Pearson Education,2004
9781119020752,Interaction Design,"Jenny Preece, Yvonne Rogers, Helen Sharp",0,John Wiley & Sons,2015
9783827370891,Künstliche Intelligenz,"Stuart J. Russell, Stuart Russell, Peter Norvig",0,Unknown,2004
9780521276436,Lexical Semantics,D. A. Cruse,0,Cambridge University Press,1986
9783958457003,Deep Learning,"Ian Goodfellow, Yoshua Bengio, Aaron Courville",0,Unknown,2018
9781402015038,Front-End Vision and Multi-Scale Image Analysis,Bart M. Haar Romeny,0,Springer Science & Business Media,2003
9783540482369,Scale-Space Theories in Computer Vision,"Mads Nielsen, Peter Johansen, Ole F. Olsen, Joachim Weickert",0,Springer,2003
9781601982506,Bilateral Filtering,"Sylvain Paris, Pierre Kornprobst, Jack Tumblin, Frédo Durand",0,Now Publishers Inc,2009
9783938616758,Neue Formen der Wissenschaftskommunikation,"Svenja Hagenhoff, Björn Ortelbach, Lutz Seidenfaden, Matthias Schumann",0,Universitätsverlag Göttingen,2007
9783898425261,Java ist auch eine Insel,Christian Ullenboom,0,Unknown,2005
9781591401933,Multimedia Security: Steganography and Digital Watermarking Techniques for Protection of Intellectual Property,"Lu, Chun-Shien",0,IGI Global,2004
9783864914904,Computer-Forensik (iX Edition),Alexander Geschonneck,0,dpunkt.verlag,2014
9780321268174,File System Forensic Analysis,Brian Carrier,0,Addison-Wesley Professional,2005
9783868940015,Java lernen mit BlueJ,"David J. Barnes, Michael Kölling",0,Pearson Deutschland GmbH,2009
