books,category__name_de,module_id,name_de,name_en,last_offered
9783834882509,Pflichtveranstaltungen,20-00-0000-tt,Mentorensystem,Mentoring System,S17
,Pflichtveranstaltungen,20-00-0005-iv,Algorithmen und Datenstrukturen,Algorithms and data structures,S17
"9783642201431, 9781351899987",Pflichtveranstaltungen,20-00-0011-iv,Computational Engineering und Robotik,Computational Engineering and Robotics,S17
"9783826695193, 9783826695193, 9780131873216, 9783826695193, 9780596555719, 9783826695193",Pflichtveranstaltungen,20-00-0015-iv,Informationsmanagement,Information Management,S17
"9783868941371, 9783827370570, 9783642583230",Pflichtveranstaltungen,20-00-0016-iv,Computer Netzwerke und verteilte Systeme,Computer Networks and distributed Systems,S17
"9781846287701, 9780321773715, 9783540689775",Pflichtveranstaltungen,20-00-0901-iv,Formale Methoden im Softwareentwurf,Formale Methods in Software Design,S17
9780128009116,Pflichtveranstaltungen,20-00-0902-iv,Rechnerorganisation,Computer Organisation,S17
"9783827411617, 9783662099292, 9783827420565, 9780321605801, 9780136083252",Pflichtveranstaltungen,20-00-0906-pr,Bachelor-Praktikum - NUR für Psych IT,Practical Lab for Bachelors,S17
"9783658147396, 9783834808141",IT Sicherheit,04-00-0218-vu,Seitenkanalangriffe gegen IT-Systeme,Side-Channel Attacks on IT Systems,S17
,IT Sicherheit,20-00-0063-iv,Public Key Infrastrukturen (PK I),Public Key Infrastrukturen (PK I),S17
9783540673323,IT Sicherheit,20-00-0093-iv,Sicherheit in Multimedia Systemen und Anwendungen,Security in Multimedia Systems and Applications,S17
"9780130355485, 9780321356703, 9783642397752",IT Sicherheit,20-00-0219-iv,IT Sicherheit,IT Security,S17
"9780201440997, 9781387689903",IT Sicherheit,20-00-0362-iv,Formale Methoden der Informationssicherheit,Formal Methods for Information Security,S17
,IT Sicherheit,20-00-0512-iv,Netzsicherheit,Network Security,S17
"9780132704397, 9783540689799",IT Sicherheit,20-00-0581-iv,Embedded System Security,Embedded System Security,S17
,IT Sicherheit,20-00-0583-vl,Sichere Mobile Systeme,Secure Mobile Systems,S17
"9783642792359, 9781466570269, 9783540709367, 9780521424264",IT Sicherheit,20-00-0585-iv,Kryptoplexität,Kryptoplexität,S17
,IT Sicherheit,20-00-0786-iv,Sicherheitskonzepte im Eisenbahnbetrieb 2,Security Concepts in Railway Systems 2,S17
,IT Sicherheit,20-00-0990-iv,Reliable Software and Operating Systems,Reliable Software and Operating Systems,S17
,IT Sicherheit,20-00-0991-iv,Secure Computation,Secure Computation,S17
,IT Sicherheit,20-00-0993-iv,Kryptographie in der Praxis,Real World Cryptography,S17
9783658195236,IT Sicherheit,20-00-1025-iv,Sicherheitskritische Mensch-Computer-Interaktion,Safety-Critical Human-Computer-Interaction,S17
,IT Sicherheit,20-00-1032-iv,Kryptographische Protokolle,Cryptographic Protocols,S17
"9780130661029, 9783898644914, 9780071229043",Netze und verteilte Systeme,18-sm-1010-ue,Kommunikationsnetze I,Communication Networks I,S17
"9780130661029, 9783898644914, 9780071229043",Netze und verteilte Systeme,18-sm-1010-vl,Kommunikationsnetze I,Communication Networks I,S17
"9783898643665, 9783642556265, 9781848003460",Netze und verteilte Systeme,20-00-0120-iv,TK3: Ubiquitous / Mobile Computing,TK3: Ubiquitous / Mobile Computing,S17
,Netze und verteilte Systeme,20-00-0773-iv,Social Learning und Knowledge Sharing Technologien,Social Learning and Knowledge Sharing Technologies,S17
,"Robotik, Computational und Computer Engineering",10-01-0036-se,Bioinformatik-Übung,Bio Informatics-Exercise,S17
,"Robotik, Computational und Computer Engineering",10-01-0036-vl,Bioinformatik-Vorlesung,Bio Informatics-Lecture,S17
,"Robotik, Computational und Computer Engineering",18-su-2020-ue,Echtzeitsysteme,Real-Time Systems,S17
,"Robotik, Computational und Computer Engineering",18-su-2020-vl,Echtzeitsysteme,Real-Time Systems,S17
,"Robotik, Computational und Computer Engineering",20-00-1004-iv,Beherrschen Moderner Prozessoren für Eingebettete Systeme,Mastering Modern Embedded System Processors,S17
,Software Systeme und formale Grundlagen,18-su-2090-ue,"Software-Produktlinien – Konzepte, Analyse und Implementierung","Software Product Lines – Concepts, Analysis and Implementation",S17
,Software Systeme und formale Grundlagen,18-su-2090-vl,"Software-Produktlinien – Konzepte, Analyse und Implementierung","Software Product Lines – Concepts, Analysis and Implementation",S17
,Software Systeme und formale Grundlagen,20-00-0113-iv,Algorithmische Modellierung / Grundlagen des Operations Research,Algorithmic Modelling,S17
"9780646458410, 9780124105072, 9780321700698, 9781292038360, 9780201633856",Software Systeme und formale Grundlagen,20-00-0341-iv,Software Engineering - Design and Construction,Software Engineering - Design and Construction,S17
"9780080916613, 9781558603202, 9781292024349",Software Systeme und formale Grundlagen,20-00-0701-vl,Fortgeschrittener Compilerbau,Advanced Compiler Construction,S17
,Software Systeme und formale Grundlagen,20-00-0953-iv,Multithreading in C++,Multithreading in C++,S17
,Software Systeme und formale Grundlagen,20-00-0999-iv,Software Analyse mit Deep Learning,Analyzing Software using Deep Learning,S17
,Visual & Interactive Computing,20-00-0041-iv,Graphische Datenverarbeitung II,Computer Graphics II,S17
"9783642721908, 9783642046049",Visual & Interactive Computing,20-00-0155-iv,Bildverarbeitung,Image Processing,S17
,Visual & Interactive Computing,20-00-0160-iv,Virtual and Augmented Reality,Virtual and Augmented Reality,S17
"9780387310732, 9780521518147, 9780387952840, 9780521642989, 9780071154673",Visual & Interactive Computing,20-00-0358-iv,Statistisches Maschinelles Lernen,Statistical Machine Learning,S17
,Visual & Interactive Computing,20-00-0366-iv,Serious Games,Serious Games,S17
"9781107011793, 9781848829350",Visual & Interactive Computing,20-00-0401-iv,Computer Vision II,Computer Vision II,S17
9780124159792,Visual & Interactive Computing,20-00-0467-iv,Medizinische Visualisierung,Medical Visualization,S17
"9781568815770, 9781482243826",Visual & Interactive Computing,20-00-0489-iv,Capturing Reality,Capturing Reality,S17
"9783800648108, 9780130461094, 9781119020752",Visual & Interactive Computing,20-00-0535-iv,TK2: Human Computer Interaction,TK2: Human Computer Interaction,S17
,Visual & Interactive Computing,20-00-0682-iv,Physikalisch-basierte Simulation und Animation,Physically based Simulation and Animation,S17
,Visual & Interactive Computing,20-00-0793-iv,User-Centered Design in Visual Computing,User-Centered Design in Visual Computing,S17
,Visual & Interactive Computing,20-00-1035-iv,Tiefe Generative Modelle,Deep Generative Models,S17
9783827370891,"Web, Wissens- und Informationsverarbeitung",20-00-0349-iv,Einführung in die Künstliche Intelligenz,Introduction to Aritifical Intelligence,S17
9780521276436,"Web, Wissens- und Informationsverarbeitung",20-00-0500-iv,Lexikalisch-semantische Methoden im Sprachverstehen,Lexikalisch-semantische Methoden im Sprachverstehen,S17
"9783958457003, 9783958457003","Web, Wissens- und Informationsverarbeitung",20-00-0947-iv,Deep Learning für Natural Language Processing,Deep Learning for Natural Language Processing,S17
,"Web, Wissens- und Informationsverarbeitung",20-00-1034-iv,Deep Learning: Architectures & Methods,Deep Learning: Architectures & Methods,S17
,"Web, Wissens- und Informationsverarbeitung",20-00-1039-iv,Advanced Data Management Systems,Advanced Data Management Systems,S17
,Seminare,18-sm-2090-se,Seminar Multimedia Kommunikation II,Multimedia Communications Seminar II,S17
,Seminare,18-sm-2300-se,Seminar Multimedia Kommunikation I,Multimedia Communications Seminar I,S17
,Seminare,18-su-2080-se,Seminar Softwaresystemtechnologie,Seminar Software System Technology,S17
,Seminare,20-00-0102-se,Seminar aus Data Mining und Maschinellem Lernen,Seminar Data Mining and Machine Learning,S17
,Seminare,20-00-0182-se,Design und Implementierung moderner Programmiersprachen,Design and Implementation of Modern Programming Languages,S17
,Seminare,20-00-0243-os,Knowledge Engineering,Knowledge Engineering,S17
,Seminare,20-00-0259-os,Kryptographie und Computeralgebra,Cryptography and Computeralgebra,S17
,Seminare,20-00-0268-se,Visual Analytics: Interaktive Visualisierung sehr großer Datenmengen,Visual Analytics: Interactive Visualization of very large amounts of data,S17
,Seminare,20-00-0322-os,"Simulation, Systemoptimierung und Robotik","Simulation, Systems Optimization and Robotics",S17
,Seminare,20-00-0328-se,Serious Games Seminar,Serious Games Seminar,S17
,Seminare,20-00-0454-os,Oberseminar Telekooperation,Telecooperation,S17
,Seminare,20-00-0468-se,Aktuelle Trends im Medical Computing,Aktuelle Trends im Medical Computing,S17
"9781402015038, 9783540482369, 9781601982506",Seminare,20-00-0469-se,Skalenraum- und PDE-Methoden in der Bildanalyse und -verarbeitung,Scale space and PDE methods in image analysis and processing,S17
,Seminare,20-00-0508-os,Oberseminar MAIS,Oberseminar MAIS,S17
9783938616758,Seminare,20-00-0549-se,"Forschungsseminar zu Netzen, Sicherheit, Mobilität und Drahtloser Kommunikation","Advanced Seminar on Networking, Security, Mobility, and Wireless Communications",S17
,Seminare,20-00-0577-se,Security and the Cloud - The Issues and Metrics,Security and the Cloud - The Issues and Metrics,S17
,Seminare,20-00-0582-se,"Seminar zu Netzen, Sicherheit, Mobilität und Drahtloser Kommunikation","Seminar on Networking, Security, Mobility, and Wireless Communications",S17
,Seminare,20-00-0596-se,Text Analytics,Text Analytics,S17
,Seminare,20-00-0604-se,Fortgeschrittene Themen in der Computergraphik,Advanced Topics in Computer Graphics,S17
,Seminare,20-00-0623-se,Privacy by Design,Privacy by Design,S17
,Seminare,20-00-0652-se,Mobile Security,Mobile Security,S17
,Seminare,20-00-0662-os,Kryptographie und Komplexitätstheorie,Cryptography and Complexity Theory,S17
,Seminare,20-00-0724-se,Angewandte Themen der Computergraphik,Applied Topics in Computer Graphics,S17
,Seminare,20-00-0776-os,Software Engineering mit formalen Methoden (Oberseminar),Software Engineering using Formal Methods,S17
,Seminare,20-00-0785-os,Adaptive Informationsaufbereitung aus heterogenen Quellen,Adaptive Preparation of Information from Heterogeneous Sources,S17
,Seminare,20-00-0790-se,Automatische Code Generierung,Automated Code Generation,S17
,Seminare,20-00-0807-se,Privatheit & Anonymität in einer vernetzten Welt,Privacy & Anonymity in a Networked World,S17
,Seminare,20-00-0923-os,UKP Oberseminar,UKP Advanced Seminar,S17
,Seminare,20-00-0960-se,Aktuelle Themen zu Nebenläufigkeit und Parallelität,Current Topics in Concurrency and Parallelism,S17
,Seminare,20-00-0961-se,Zivile Sicherheit,Civil Security,S17
,Seminare,20-00-0963-se,IT in der Grundlehre,IT in undergraduate courses,S17
,Seminare,20-00-0973-se,Innovative Betriebssystem-Konzepte,Innovative Operating System Elements,S17
,Seminare,20-00-0974-se,Programmanalyse und Software-Test,Program Analysis and Software Testing,S17
,Seminare,20-00-0975-se,Rigorose und formale Analyse verlässlicher Software,Rigorous and formal analysis of dependable software,S17
,Seminare,20-00-0992-se,Modellierung und Analyse von Aktoren-basierten Softwaresystemen,Modeling and Analysis of actor-based Software Systems,S17
,Seminare,20-00-0994-se,Parallel Computing,Parallel Computing,S17
,Seminare,20-00-1006-os,Klassiker der Kryptographie,Classics of Cryptography,S17
,Seminare,20-00-1012-os,Angewandte Kryptographie,Applied Cryptography,S17
,Seminare,20-00-1015-os,ML Oberseminar,ML Advanced Seminar,S17
,Seminare,20-00-1021-os,Oberseminar Informatik/Frieden/Sicherheit,Research Seminar Computer Science/Peace/Security,S17
,Seminare,20-00-1022-se,Schutz von verteilten Infrastrukturen und Netzwerken,Protection in Infrastructures and Networks,S17
,Seminare,20-00-1024-se,"Seminar Cyber-Sicherheit, -Krieg, und -Frieden","Seminar Cyber-Security, War and Peace",S17
,Seminare,20-00-1028-se,Grundlagen statischer Analysen,Foundations of Static Analyses,S17
,Seminare,20-00-1030-se,Sichere Mehrparteienberechnungen,Secure multi-party computation,S17
,Seminare,20-00-1033-os,Oberseminar ENCRYPTO,Advanced Seminar ENCRYPTO,S17
,Seminare,20-00-1038-se,Performance Engineering,Performance Engineering,S17
,Praktika in der Lehre,20-00-0187-pr,Praktikum in der Lehre - Funktionale und objektorientierte Programmierkonzepte,Practical Lab in teaching Foundations of computer Science I,S17
,Praktika in der Lehre,20-00-0289-pr,Praktikum in der Lehre - Algorithmen und Datenstrukturen,Practical Lab in Teaching - Algorithm and Data Structure,S17
,Praktika in der Lehre,20-00-0333-pl,Praktikum in der Lehre - Allgemeine Informatik I,Practical Lab in Teaching - Allgemeine Informatik l,S17
,Praktika in der Lehre,20-00-0443-pl,Praktikum in der Lehre - Softwaretechnik,Practical Lab in Teaching - Software Technology,S17
,Praktika in der Lehre,20-00-0954-pl,Praktikum in der Lehre - Graphische Datenverarbeitung II,Internship Teaching – Computer Graphics II,S17
,Praktika in der Lehre,20-00-0957-pl,Praktikum in der Lehre - Internetsicherheit und Sicherheit in Mobilen Netzen,Teaching Lab - Internet Security and Security in Mobile Networks,S17
,Praktika in der Lehre,20-00-0962-pl,Praktikum in der Lehre - Computernetzwerke und verteilte Systeme,Praktikum in der Lehre - Computernetzwerke und verteilte Systeme,S17
,Praktika in der Lehre,20-00-0965-pl,Praktikum in der Lehre - Rechnerorganisation,Teaching Lab Computer Organisation,S17
,Praktika in der Lehre,20-00-0970-pl,Praktikum in der Lehre - IT in der Grundlehre,Teaching Lab - IT in undergraduate courses,S17
,Praktika in der Lehre,20-00-0971-pl,Praktikum in der Lehre - Computational Engineering und Robotik,Practical Lab in Teaching - Computational Engineering and Robotics,S17
,Praktika in der Lehre,20-00-0996-pl,Praktikum in der Lehre - Ubiquitous / Mobile Computing,Practical Lab in Teaching - Ubiquitous / Mobile Computing,S17
,Praktika in der Lehre,20-00-1000-pl,Praktikum in der Lehre - Public Key Infrastrukturen,Practical Lab in Teaching - Publlic Key Infrastructures,S17
,Praktika in der Lehre,20-00-1036-pl,Praktikum in der Lehre - Algorithmenvisualisierung,Teaching Lab on Algorithm Visualisation,S17
,Praktika in der Lehre,20-00-1040-pl,Praktikum in der Lehre - Data Management,Data Management - Teaching Lab,S17
,Praktika in der Lehre,20-00-1044-pl,Praktikum in der Lehre - Deep Learning for Natural Language Processing,Teaching Lab - Deep Learning for Natural Language Processing,S17
9783898425261,"Praktika, Projektpraktika, ähnliche LV",18-sm-1020-pr,Praktikum Multimedia Kommunikation I,Multimedia Communications Lab I,S17
9783898425261,"Praktika, Projektpraktika, ähnliche LV",18-sm-2070-pr,Praktikum Multimedia Kommunikation II,Multimedia Communications Lab II,S17
,"Praktika, Projektpraktika, ähnliche LV",18-sm-2130-pr,Projektpraktikum Multimedia Kommunikation II,Multimedia Communications Project II,S17
,"Praktika, Projektpraktika, ähnliche LV",18-su-1030-pr,C/C++ Programmierpraktikum,C/C++ Programming Lab,S17
,"Praktika, Projektpraktika, ähnliche LV",18-su-1060-pj,Projektseminar Softwaresysteme,Projektseminar Software Systems,S17
,"Praktika, Projektpraktika, ähnliche LV",20-00-0105-pr,Kryptographie,Efficient cryptography,S17
,"Praktika, Projektpraktika, ähnliche LV",20-00-0114-pr,Hacker Contest,Hacker Contest,S17
9783898643665,"Praktika, Projektpraktika, ähnliche LV",20-00-0131-pr,Internet - Praktikum Telekooperation,Internet - Practical Course Telecooperation,S17
,"Praktika, Projektpraktika, ähnliche LV",20-00-0189-pr,Praktikum Algorithmen,Practical Lab Algorithms,S17
,"Praktika, Projektpraktika, ähnliche LV",20-00-0236-pr,Serious Games Praktikum,Serious Games Lab,S17
,"Praktika, Projektpraktika, ähnliche LV",20-00-0248-pp,Robotik-Projektpraktikum,Robotics Project,S17
,"Praktika, Projektpraktika, ähnliche LV",20-00-0276-pr,Praktikum Algorithmen II (Vertiefung),Advanced Algorithms,S17
,"Praktika, Projektpraktika, ähnliche LV",20-00-0306-pr,Implementierung von Programmiersprachen,Implementation of Programming Languages,S17
,"Praktika, Projektpraktika, ähnliche LV",20-00-0357-pr,Integriertes Robotik-Projekt 2,Integrated Project (Part 2),S17
,"Praktika, Projektpraktika, ähnliche LV",20-00-0418-pr,Praktikum Visual Computing,Lab Visual Computing,S17
,"Praktika, Projektpraktika, ähnliche LV",20-00-0485-pr,Projektpraktikum Telekooperation,Practical Project Telecooperation,S17
,"Praktika, Projektpraktika, ähnliche LV",20-00-0537-pr,Fortgeschrittenes Praktikum Visual Computing,Advanced Visual Computing Lab,S17
,"Praktika, Projektpraktika, ähnliche LV",20-00-0541-pr,Teamleitung im Bachelorpraktikum,Teamleitung im Bachelorpraktikum,S17
9783938616758,"Praktika, Projektpraktika, ähnliche LV",20-00-0552-pr,Praktikum Sichere Mobile Netze,Secure Mobile Networking Lab,S17
,"Praktika, Projektpraktika, ähnliche LV",20-00-0553-pp,Projektpraktikum Sichere Mobile Netze,Secure Mobile Networking Project,S17
,"Praktika, Projektpraktika, ähnliche LV",20-00-0570-pr,Advanced User Interfaces,Advanced User Interfaces,S17
"9781591401933, 9783864914904, 9780321268174","Praktika, Projektpraktika, ähnliche LV",20-00-0603-pr,Implementierung in Forensik und Mediensicherheit,Implementierung in Forensik und Mediensicherheit,S17
,"Praktika, Projektpraktika, ähnliche LV",20-00-0647-pr,Praktikum zu Technischer Informatik,Practical Lab in Technical Foundations of Computer Science,S17
,"Praktika, Projektpraktika, ähnliche LV",20-00-0649-pp,Serious Games Projektpraktikum,Serious Games Project,S17
,"Praktika, Projektpraktika, ähnliche LV",20-00-0673-pr,Software Development Tools,Software Development Tools,S17
,"Praktika, Projektpraktika, ähnliche LV",20-00-0753-pj,Lernende Roboter: Integriertes Projekt - Teil 1,Robot Learning: Integrated Project - Part 1,S17
,"Praktika, Projektpraktika, ähnliche LV",20-00-0754-pj,Lernende Roboter: Integriertes Projekt - Teil 2,Robot Learning: Integrated Project - Part 2,S17
,"Praktika, Projektpraktika, ähnliche LV",20-00-0763-pp,Projektpraktikum Programmierung Massiv-Paralleler Systeme,Project Lab Programming Massively Parallel Systems,S17
,"Praktika, Projektpraktika, ähnliche LV",20-00-0799-pr,Zuverlässige Softwaresicherheit für mobile Endgeräte,Reliable Software Security for Mobile Devices,S17
,"Praktika, Projektpraktika, ähnliche LV",20-00-0911-pr,Praktikum Compilerbau,Compiler Construction Lab,S17
,"Praktika, Projektpraktika, ähnliche LV",20-00-0929-pr,Software Dependability Praktikum,Software Dependability Lab,S17
,"Praktika, Projektpraktika, ähnliche LV",20-00-0945-pr,Praktische Anwendungen zu Neuronale Informationsverarbeitung für Gehirn-Computer Schnittstellen,Practical Exercises for Neural Information Processing for Brain-Computer Interfaces,S17
,"Praktika, Projektpraktika, ähnliche LV",20-00-0950-pj,Forschungsprojekt Telekooperation,Research Project Telecooperation,S17
,"Praktika, Projektpraktika, ähnliche LV",20-00-0959-pr,Embedded System Hands-On 1: Entwurf und Realisierung von Hardware/Software-Systemen,Embedded Systems Hands-On 1: Design and Implementation of Hardware-Software Systems,S17
,"Praktika, Projektpraktika, ähnliche LV",20-00-0981-pp,Softwarepraktikum Security Engineering,Project Lab Security Engineering,S17
,"Praktika, Projektpraktika, ähnliche LV",20-00-1001-pp,Fortgeschrittene Themen in Eingebetteten Systemen und ihren Anwendungen,Advanced Topics in Embedded Systems and Applications,S17
,"Praktika, Projektpraktika, ähnliche LV",20-00-1008-pr,Parallele Programmiertechnologie,Parallel Programming Technology,S17
,"Praktika, Projektpraktika, ähnliche LV",20-00-1020-pr,"Praktikum Friedens-, Sicherheits- und Kriseninformatik","Lab Peace-, Security and Crisis Informatics",S17
,"Praktika, Projektpraktika, ähnliche LV",20-00-1027-pp,Projektpraktikum Friedens- und Kriseninformatik,Project Peace- and Crisis Informatics,S17
,"Praktika, Projektpraktika, ähnliche LV",20-00-1029-pp,Projektpraktikum Algorithmik,Project Lab Algorithmics,S17
,"Praktika, Projektpraktika, ähnliche LV",20-00-1031-pr,Praktikum zur Vorlesung Cryptocurrencies,Practicum of Cryptocurrencies,S17
,"Praktika, Projektpraktika, ähnliche LV",20-00-1037-pr,Automatische Textzusammenfassung,Automatic text summarization,S17
,"Praktika, Projektpraktika, ähnliche LV",20-00-1041-pr,Data Management - Praktikum,Data Management - Lab,S17
,"Praktika, Projektpraktika, ähnliche LV",20-00-1042-pp,Data Management - Projektpraktikum,Data Management - Extended Lab,S17
,Lehramt,20-00-0201-vl,Fachdidaktische Ergänzung zu Grundlagen der Informatik I,Supplement on teaching skills for foundations of computer science I,S17
,Lehramt,20-00-0206-pr,Fachdidaktik Praktikum Rechnereinsatz in der Schule,Computer Use in Schools,S17
,Lehramt,20-00-0687-vl,Fachdidaktik der Informatik I,Didactics of Computer Science I,S17
,Lehramt,20-00-0689-vl,Fachdidaktik der Informatik III,Didactics of Computer Science III,S17
,Lehramt,20-00-0691-pr,Schulpraktische Studien II für das Lehramt an beruflichen Schulen,Practical Training at Vocational Schools,S17
,Lehramt,20-00-0692-se,Fachdidaktisches Proseminar,Proseminar in Didactics,S17
,Lehramt,20-00-0693-se,Seminar Angewandte Aspekte der Informatik im Unterricht,Seminar in Applied Aspects of Computer Science Didactics,S17
,Lehramt,20-00-0694-se,Seminar Praktische Aspekte der Informatik im Unterricht,Seminar in Practical Aspects of Computer Science didactics,S17
,Lehramt,20-00-0695-se,Seminar Theoretische Aspekte der Informatik im Unterricht,Seminar in Theoretical Aspects of Computer Science Didactics,S17
,Lehramt,20-00-0982-iv,Zentrale Ideen und Werkzeuge für MINTplus,Central concepts and tools for STEMplus,S17
9783868940015,Service für andere Fachbereiche,20-00-0304-iv,Allgemeine Informatik I,General Computer Science I,S17
,Prüfungstermine,61-00-2002-pf,"Einführung in Computer Microsystems, Architekturen und Entwurf von Rechnersystemen","Einführung in Computer Microsystems, Architekturen und Entwurf von Rechnersystemen",S17
,Prüfungstermine,61-00-2003-pf,"Grundlagen der Informatik I, Funktionale und objektorientierte Programmierkonzepte","Grundlagen der Informatik I, Funktionale und objektorientierte Programmierkonzepte",S17
,Prüfungstermine,61-00-2004-pf,"Grundlagen der Informatik II, Algorithmen und Datenstrukturen","Grundlagen der Informatik II, Algorithmen und Datenstrukturen",S17
,Prüfungstermine,61-00-2005-pf,Betriebssysteme,Betriebssysteme,S17
,Prüfungstermine,61-00-2007-pf,"Einführung in Human Computer Systems, Visual Computing","Einführung in Human Computer Systems, Visual Computing",S17
,Prüfungstermine,61-00-2008-pf,"Einführung in Foundations of Computing, Modellierung, Spezifikation und Semantik","Einführung in Foundations of Computing, Modellierung, Spezifikation und Semantik",S17
,Prüfungstermine,61-00-2009-pf,Informationsmanagement,Informationsmanagement,S17
,Prüfungstermine,61-00-2010-pf,"Einführung in Computational Engineering, Computational Engineering und Robotik,  Grundlagen der Modellierung und Simulation","Einführung in Computational Engineering, Computational Engineering und Robotik,  Grundlagen der Modellierung und Simulation",S17
,Prüfungstermine,61-00-2011-pf,"Einführung in Trusted Systems, Computersystemsicherheit","Einführung in Trusted Systems, Computersystemsicherheit",S17
,Prüfungstermine,61-00-2012-pf,"Einführung in Net-Centric-Systems, Computer- Netzwerke und vertelte Systeme","Einführung in Net-Centric-Systems, Computer- Netzwerke und vertelte Systeme",S17
,Prüfungstermine,61-00-2013-pf,Allgemeine Informatik I - Teil I (vorlesungsbegleitend)  Programmierprojekt,Allgemeine Informatik I - Teil I (vorlesungsbegleitend)  Programmierprojekt,S17
,Prüfungstermine,61-00-2014-pf,Allgemeine Informatik I - Teil II (vorlesungsbegleitend - Abschlussklausur),Allgemeine Informatik I - Teil II (vorlesungsbegleitend - Abschlussklausur),S17
,Prüfungstermine,61-00-2015-pf,"Formale Grundlagen der Informatik III, Formale Methoden im Softwareentwurf","Formale Grundlagen der Informatik III, Formale Methoden im Softwareentwurf",S17
,Prüfungstermine,61-00-2016-pf,"Technische Grundlagen der Informatik II, Rechnerorganisation","Technische Grundlagen der Informatik II, Rechnerorganisation",S17
,Prüfungstermine,61-00-2017-pf,"Einführung in Software Engineering, Software Engineering","Einführung in Software Engineering, Software Engineering",S17
,Prüfungstermine,61-00-2018-pf,"Digitaltechnik, Technische Grundlagen der Informatik I","Digitaltechnik, Technische Grundlagen der Informatik I",S17
,Prüfungstermine,61-00-2087-pf,Programmierung Massiv-Paralleler Prozessoren,Programmierung Massiv-Paralleler Prozessoren,S17
